Sr. No.,Email,NAME OF PARTY,BAL DR.,BAL CR.
1,singh85.ravindrra@gmail1,Primal Kunto,22,33
2,singh85.ravindrra@gmail2,Max Industries,22,34
3,singh85.ravindrra@gmail3,J.P.Electrical,22,35
4,singh85.ravindrra@gmail4,SANTARAM BEDDI,23,36
5,singh85.ravindrra@gmail5,Jain Electrical,24,37
6,singh85.ravindrra@gmail6,Kishor Patwari,25,38
7,singh85.ravindrra@gmail7,Amit Electricals ,26,39
8,singh85.ravindrra@gmail8,Nimesh Maniar,27,40
9,singh85.ravindrra@gmail9,T.S Electrical,28,41
10,singh85.ravindrra@gmail10,Narendra Jain,29,42
11,singh85.ravindrra@gmail11,Yuvraj Electrical,30,43
12,singh85.ravindrra@gmail12,Sanjay Jain,31,44
13,singh85.ravindrra@gmail13,Sai Enterprises,32,45
14,singh85.ravindrra@gmail14,Sandeep,33,46
15,singh85.ravindrra@gmail15,SANTARAM BEDDI,34,47
16,singh85.ravindrra@gmail16,J.P.Electrical,35,48
17,singh85.ravindrra@gmail17,Nutan Electronics,36,49
18,singh85.ravindrra@gmail18,Deepak Electronics,37,50
19,singh85.ravindrra@gmail19,Sai Enterprises,38,51
20,singh85.ravindrra@gmail20,Manoj A. Deore,39,52
21,singh85.ravindrra@gmail21,Bravia Technologies,40,53
22,singh85.ravindrra@gmail22,Sai Enterprises,41,54
23,singh85.ravindrra@gmail23,Nutan Electronics,42,55
24,singh85.ravindrra@gmail24,T.S Electrical,43,56
25,singh85.ravindrra@gmail25,Viraz Industries,44,57
26,singh85.ravindrra@gmail26,Primal Kunto,45,58
27,singh85.ravindrra@gmail27,Yuvraj Electrical,46,59
28,singh85.ravindrra@gmail28,Manoj A. Deore,47,60
29,singh85.ravindrra@gmail29,Baldev Singh,48,61
30,singh85.ravindrra@gmail30,Viraz Industries,49,62
31,singh85.ravindrra@gmail31,Shilpa Traders,50,63
32,singh85.ravindrra@gmail32,P.N. Kale,51,64
33,singh85.ravindrra@gmail33,Ranjeet Singh,52,65
34,singh85.ravindrra@gmail34,Nutan Electronics,53,66
35,singh85.ravindrra@gmail35,SANTARAM BEDDI,54,67
36,singh85.ravindrra@gmail36,P.N. Kale,55,68
37,singh85.ravindrra@gmail37,Sai Baba Electronics,56,69
38,singh85.ravindrra@gmail38,J.P.Electrical,57,70
39,singh85.ravindrra@gmail39,Primal Kunto,58,71
40,singh85.ravindrra@gmail40,Nutan Electronics,59,72
41,singh85.ravindrra@gmail41,Babloo Electrocontrol,60,73
42,singh85.ravindrra@gmail42,Dilip D Khalate,61,74
43,singh85.ravindrra@gmail43,Nimesh Maniar,62,75
44,singh85.ravindrra@gmail44,Aristo Electronic,63,76
45,singh85.ravindrra@gmail45,Kishor Patwari,64,77
46,singh85.ravindrra@gmail46,Babloo Electrocontrol,65,78
47,singh85.ravindrra@gmail47,Dilip D Khalate,66,79
48,singh85.ravindrra@gmail48,Nimesh Maniar,67,80
49,singh85.ravindrra@gmail49,Aristo Electronic,68,81
